model,family,rows_test,n_features,params_count,train_seconds,inference_ms_per_1000,accuracy,balanced_accuracy,macro_f1,weighted_f1,score_ret_corr,top10_hit_rate,top10_cum_return,top10_trades,turnover_top10
TinyTransformer,neural_transformer,2203,164,78402,10.604787416988984,26.211510664460857,0.542896050839764,0.5489004032832793,0.5426004928173247,0.5441152276823263,0.09844512555867438,0.5972850678733032,0.2225744196588508,221,0.10031774852473899
TorchMLP,neural_mlp,2203,164,29506,0.3287842500139959,0.5378270554734641,0.5097594189741262,0.5215081620846643,0.5095167650420301,0.5080955062968959,0.02941215688529868,0.37104072398190047,-0.8257588951748314,221,0.10031774852473899
TemporalCNN,neural_cnn,2203,164,44034,7.992126750003081,44.43442668804676,0.5083976395823877,0.516573601294531,0.5083875099446561,0.5086782305475518,0.04296495751167116,0.39819004524886875,-0.7098091728572504,221,0.10031774852473899
HistGradientBoosting,tree_boosting,2203,164,10850,1.431795541982865,11.465634140399501,0.4888788016341353,0.49545446923392944,0.4887775727868815,0.48971475598565056,-0.02706004308978833,0.4298642533936652,-0.424775832287728,221,0.10031774852473899
LogisticRegression,linear,2203,164,330,0.10795279100420885,0.72512846206295,0.48252383113935543,0.48959135078937877,0.4824768049904714,0.4831194956918862,-0.02783257875339245,0.49321266968325794,-0.2861093740612177,221,0.10031774852473899
