{
  "TorchMLP": {
    "train_loss": [
      0.6807433522882915,
      0.6400862733523051,
      0.592122346162796,
      0.5412257938157945,
      0.4888846164657956,
      0.44530037967931657,
      0.40336198537122636,
      0.37311441202958423,
      0.3407269858178638,
      0.30669714474961873
    ],
    "val_balanced_accuracy": [
      0.4474376799664035,
      0.4259241133648217,
      0.45940811235424917,
      0.4733327644680022,
      0.48043186917435887,
      0.47293957813616294,
      0.4872933889482851,
      0.4725526660542999,
      0.4882583685946182,
      0.4938867891065636
    ]
  },
  "TemporalCNN": {
    "train_loss": [
      0.6457762931074414,
      0.5077336295729592,
      0.36553795564742314,
      0.2661924958229065,
      0.18872817641212827,
      0.1371364270647367,
      0.11613108590245247,
      0.09239658181156431
    ],
    "val_balanced_accuracy": [
      0.4255079214497366,
      0.4665904554436229,
      0.4507366806038673,
      0.4263415601299021,
      0.4815700181200339,
      0.44463810962704187,
      0.4635357322718976,
      0.44517978654165014
    ]
  },
  "TinyTransformer": {
    "train_loss": [
      0.668338017804282,
      0.5804188797871271,
      0.429423586953254,
      0.2895347092832838,
      0.19236885756254196,
      0.1443703511641139,
      0.10972328590495246,
      0.09692041221119109
    ],
    "val_balanced_accuracy": [
      0.4683472454369471,
      0.5079595135197539,
      0.4842256989932757,
      0.48513086412316936,
      0.5389304662520642,
      0.5004856269481546,
      0.51239122541958,
      0.5247494064559522
    ]
  }
}