{
  "TorchMLP": {
    "train_loss": [
      0.6807433522882915,
      0.6400862733523051,
      0.592122346162796,
      0.5412257938157945,
      0.4888846164657956,
      0.44530037967931657,
      0.40336198537122636,
      0.37311441202958423
    ],
    "val_balanced_accuracy": [
      0.4474376799664035,
      0.4259241133648217,
      0.45940811235424917,
      0.4733327644680022,
      0.48043186917435887,
      0.47293957813616294,
      0.4872933889482851,
      0.4725526660542999
    ]
  },
  "TemporalCNN": {
    "train_loss": [
      0.644430031379064,
      0.5132672772521064,
      0.3752487805627641,
      0.2912031919473693,
      0.20126549864099139,
      0.14303824819979213,
      0.11707756384497597,
      0.0942969507582131
    ],
    "val_balanced_accuracy": [
      0.4077894395170668,
      0.45838373647480846,
      0.45133189778493876,
      0.4479546781644389,
      0.4797592695769148,
      0.4753108263438188,
      0.4735176457006329,
      0.4552750547532881
    ]
  },
  "TinyTransformer": {
    "train_loss": [
      0.6698860966023945,
      0.574441155507451,
      0.4297265311082204,
      0.29616619646549225,
      0.19879147587787538
    ],
    "val_balanced_accuracy": [
      0.46881823246849075,
      0.4764774185560525,
      0.4746491021130001,
      0.46042663226704544,
      0.47220800058894297
    ]
  }
}