{
  "model": "distilbert",
  "split": "test",
  "tau": 0.012878581881523132,
  "tau_input": 0.15,
  "tau_quantile": 0.9,
  "cost": 0.0005,
  "rows": 726,
  "trades": 73,
  "turnover": 0.10055096418732783,
  "score_min": 0.005622595548629761,
  "score_max": 0.01391717791557312,
  "score_abs_q90": 0.012878581881523132,
  "score_abs_q95": 0.013190656900405884,
  "score_abs_q99": 0.01391717791557312,
  "mean_pnl": -0.00010321122424445448,
  "cum_return": -0.07493134880147397,
  "event_sharpe": -1.2242311231308505,
  "max_drawdown": -0.14736060197840042,
  "hit_rate": 0.4383561643835616
}