{
  "epochs": [
    {
      "epoch": 1,
      "train_loss": 1.1008356534940307,
      "val_macro_f1": 0.29668830454395423
    }
  ]
}