{
  "device": "cpu",
  "quick_mode": false,
  "seed": 42,
  "transformer": {
    "attention_final_test_acc": 0.5050781257450581,
    "rnn_final_test_acc": 0.48300781287252903,
    "mini_transformer": {
      "small": {
        "train_loss": [
          3.764518043451142,
          2.162748803172195,
          0.4401600645822391,
          0.10387476442152993,
          0.06538963425708444,
          0.03727211031997413,
          0.03473436642895665,
          0.02338060627184939
        ],
        "test_token_acc": [
          0.24111111462116241,
          0.8226262331008911,
          0.9941413998603821,
          0.9992929100990295,
          0.9993939399719238,
          0.9994949698448181,
          0.9998989701271057,
          0.9996969699859619
        ],
        "final_acc": 0.9996969699859619
      },
      "large": {
        "train_loss": [
          3.5068971734297905,
          1.0204247586559831,
          0.09171109274029732,
          0.0704768738921797,
          0.02773865238812409,
          0.042740105700336005,
          0.022346210445424442,
          0.023865807107077877
        ],
        "test_token_acc": [
          0.3830302953720093,
          0.9939393997192383,
          0.9982828497886658,
          0.9979798197746277,
          0.9984848499298096,
          0.9990909099578857,
          0.9931313395500183,
          0.9996969699859619
        ],
        "final_acc": 0.9996969699859619
      }
    }
  },
  "gan": {
    "final_generator_loss": 0.7220401624838512,
    "final_discriminator_loss": 1.3681436816851298,
    "final_d_real": 0.507510389884313,
    "final_d_fake": 0.493219052751859
  },
  "gnn": {
    "gcn_final_test_acc": 1.0,
    "mlp_final_test_acc": 1.0,
    "num_nodes": 420
  }
}