model,split,accuracy,balanced_accuracy,macro_f1,weighted_f1,precision_DOWN,recall_DOWN,f1_DOWN,support_DOWN,precision_FLAT,recall_FLAT,f1_FLAT,support_FLAT,precision_UP,recall_UP,f1_UP,support_UP
baseline_tfidf_lr,test,0.2878787878787879,0.3519027353383182,0.27655893983962715,0.30776879228168763,0.18874172185430463,0.4523809523809524,0.26635514018691586,126.0,0.6707317073170732,0.2249488752556237,0.33690658499234305,489.0,0.16153846153846155,0.3783783783783784,0.22641509433962265,111.0
baseline_tfidf_lr,train,0.32006920415224915,0.3866142155694758,0.3090484552561131,0.3378174876504101,0.2123602892833662,0.5159744408945687,0.3008849557522124,626.0,0.7083854818523154,0.2478108581436077,0.36717482971132015,2284.0,0.19250871080139373,0.3960573476702509,0.25908558030480655,558.0
baseline_tfidf_lr,val,0.2554945054945055,0.3271783626564411,0.24124629133458583,0.28519930182296205,0.109717868338558,0.40229885057471265,0.1724137931034483,87.0,0.6708074534161491,0.20532319391634982,0.314410480349345,526.0,0.17338709677419356,0.3739130434782609,0.2369146005509642,115.0
